Constant,Value
GL_2D,1536
GL_2_BYTES,5127
GL_3D,1537
GL_3D_COLOR,1538
GL_3D_COLOR_TEXTURE,1539
GL_3_BYTES,5128
GL_4D_COLOR_TEXTURE,1540
GL_4_BYTES,5129
GL_ACCUM,256
GL_ACCUM_ALPHA_BITS,3419
GL_ACCUM_BLUE_BITS,3418
GL_ACCUM_BUFFER_BIT,512
GL_ACCUM_CLEAR_VALUE,2944
GL_ACCUM_GREEN_BITS,3417
GL_ACCUM_RED_BITS,3416
GL_ACTIVE_ATOMIC_COUNTER_BUFFERS,37593
GL_ACTIVE_ATTRIBUTES,35721
GL_ACTIVE_ATTRIBUTE_MAX_LENGTH,35722
GL_ACTIVE_PROGRAM,33369
GL_ACTIVE_RESOURCES,37621
GL_ACTIVE_SUBROUTINES,36325
GL_ACTIVE_SUBROUTINE_MAX_LENGTH,36424
GL_ACTIVE_SUBROUTINE_UNIFORMS,36326
GL_ACTIVE_SUBROUTINE_UNIFORM_LOCATIONS,36423
GL_ACTIVE_SUBROUTINE_UNIFORM_MAX_LENGTH,36425
GL_ACTIVE_TEXTURE,34016
GL_ACTIVE_UNIFORMS,35718
GL_ACTIVE_UNIFORM_BLOCKS,35382
GL_ACTIVE_UNIFORM_BLOCK_MAX_NAME_LENGTH,35381
GL_ACTIVE_UNIFORM_MAX_LENGTH,35719
GL_ACTIVE_VARIABLES,37637
GL_ADD,260
GL_ALIASED_LINE_WIDTH_RANGE,33902
GL_ALL_ATTRIB_BITS,1048575
GL_ALPHA,6406
GL_ALPHA12,32829
GL_ALPHA16,32830
GL_ALPHA4,32827
GL_ALPHA8,32828
GL_ALPHA_BIAS,3357
GL_ALPHA_BITS,3413
GL_ALPHA_SCALE,3356
GL_ALPHA_TEST,3008
GL_ALPHA_TEST_FUNC,3009
GL_ALPHA_TEST_REF,3010
GL_ALREADY_SIGNALED,37146
GL_ALWAYS,519
GL_AMBIENT,4608
GL_AMBIENT_AND_DIFFUSE,5634
GL_AND,5377
GL_AND_INVERTED,5380
GL_AND_REVERSE,5378
GL_ANY_SAMPLES_PASSED,35887
GL_ANY_SAMPLES_PASSED_CONSERVATIVE,36202
GL_ARRAY_BUFFER,34962
GL_ARRAY_BUFFER_BINDING,34964
GL_ARRAY_SIZE,37627
GL_ARRAY_STRIDE,37630
GL_ATOMIC_COUNTER_BARRIER_BIT,4096
GL_ATOMIC_COUNTER_BUFFER,37568
GL_ATOMIC_COUNTER_BUFFER_ACTIVE_ATOMIC_COUNTERS,37573
GL_ATOMIC_COUNTER_BUFFER_ACTIVE_ATOMIC_COUNTER_INDICES,37574
GL_ATOMIC_COUNTER_BUFFER_BINDING,37569
GL_ATOMIC_COUNTER_BUFFER_DATA_SIZE,37572
GL_ATOMIC_COUNTER_BUFFER_INDEX,37633
GL_ATOMIC_COUNTER_BUFFER_REFERENCED_BY_COMPUTE_SHADER,37101
GL_ATOMIC_COUNTER_BUFFER_REFERENCED_BY_FRAGMENT_SHADER,37579
GL_ATOMIC_COUNTER_BUFFER_REFERENCED_BY_GEOMETRY_SHADER,37578
GL_ATOMIC_COUNTER_BUFFER_REFERENCED_BY_TESS_CONTROL_SHADER,37576
GL_ATOMIC_COUNTER_BUFFER_REFERENCED_BY_TESS_EVALUATION_SHADER,37577
GL_ATOMIC_COUNTER_BUFFER_REFERENCED_BY_VERTEX_SHADER,37575
GL_ATOMIC_COUNTER_BUFFER_SIZE,37571
GL_ATOMIC_COUNTER_BUFFER_START,37570
GL_ATTACHED_SHADERS,35717
GL_ATTRIB_STACK_DEPTH,2992
GL_AUTO_GENERATE_MIPMAP,33429
GL_AUTO_NORMAL,3456
GL_AUX0,1033
GL_AUX1,1034
GL_AUX2,1035
GL_AUX3,1036
GL_AUX_BUFFERS,3072
GL_BACK,1029
GL_BACK_LEFT,1026
GL_BACK_RIGHT,1027
GL_BGR,32992
GL_BGRA,32993
GL_BGRA_EXT,32993
GL_BGRA_INTEGER,36251
GL_BGR_EXT,32992
GL_BGR_INTEGER,36250
GL_BITMAP,6656
GL_BITMAP_TOKEN,1796
GL_BLEND,3042
GL_BLEND_COLOR,32773
GL_BLEND_DST,3040
GL_BLEND_DST_ALPHA,32970
GL_BLEND_DST_RGB,32968
GL_BLEND_EQUATION,32777
GL_BLEND_EQUATION_ALPHA,34877
GL_BLEND_EQUATION_RGB,32777
GL_BLEND_SRC,3041
GL_BLEND_SRC_ALPHA,32971
GL_BLEND_SRC_RGB,32969
GL_BLOCK_INDEX,37629
GL_BLUE,6405
GL_BLUE_BIAS,3355
GL_BLUE_BITS,3412
GL_BLUE_INTEGER,36246
GL_BLUE_SCALE,3354
GL_BOOL,35670
GL_BOOL_VEC2,35671
GL_BOOL_VEC3,35672
GL_BOOL_VEC4,35673
GL_BUFFER,33504
GL_BUFFER_ACCESS,35003
GL_BUFFER_ACCESS_FLAGS,37151
GL_BUFFER_BINDING,37634
GL_BUFFER_DATA_SIZE,37635
GL_BUFFER_IMMUTABLE_STORAGE,33311
GL_BUFFER_MAPPED,35004
GL_BUFFER_MAP_LENGTH,37152
GL_BUFFER_MAP_OFFSET,37153
GL_BUFFER_MAP_POINTER,35005
GL_BUFFER_SIZE,34660
GL_BUFFER_STORAGE_FLAGS,33312
GL_BUFFER_UPDATE_BARRIER_BIT,512
GL_BUFFER_USAGE,34661
GL_BUFFER_VARIABLE,37605
GL_BYTE,5120
GL_C3F_V3F,10788
GL_C4F_N3F_V3F,10790
GL_C4UB_V2F,10786
GL_C4UB_V3F,10787
GL_CAVEAT_SUPPORT,33464
GL_CCW,2305
GL_CLAMP,10496
GL_CLAMP_READ_COLOR,35100
GL_CLAMP_TO_BORDER,33069
GL_CLAMP_TO_EDGE,33071
GL_CLEAR,5376
GL_CLEAR_BUFFER,33460
GL_CLEAR_TEXTURE,37733
GL_CLIENT_ATTRIB_STACK_DEPTH,2993
GL_CLIENT_MAPPED_BUFFER_BARRIER_BIT,16384
GL_CLIENT_PIXEL_STORE_BIT,1
GL_CLIENT_STORAGE_BIT,512
GL_CLIENT_VERTEX_ARRAY_BIT,2
GL_CLIPPING_INPUT_PRIMITIVES_ARB,33526
GL_CLIPPING_OUTPUT_PRIMITIVES_ARB,33527
GL_CLIP_DEPTH_MODE,37725
GL_CLIP_DISTANCE0,12288
GL_CLIP_DISTANCE1,12289
GL_CLIP_DISTANCE2,12290
GL_CLIP_DISTANCE3,12291
GL_CLIP_DISTANCE4,12292
GL_CLIP_DISTANCE5,12293
GL_CLIP_DISTANCE6,12294
GL_CLIP_DISTANCE7,12295
GL_CLIP_ORIGIN,37724
GL_CLIP_PLANE0,12288
GL_CLIP_PLANE1,12289
GL_CLIP_PLANE2,12290
GL_CLIP_PLANE3,12291
GL_CLIP_PLANE4,12292
GL_CLIP_PLANE5,12293
GL_COEFF,2560
GL_COLOR,6144
GL_COLOR_ARRAY,32886
GL_COLOR_ARRAY_COUNT_EXT,32900
GL_COLOR_ARRAY_EXT,32886
GL_COLOR_ARRAY_POINTER,32912
GL_COLOR_ARRAY_POINTER_EXT,32912
GL_COLOR_ARRAY_SIZE,32897
GL_COLOR_ARRAY_SIZE_EXT,32897
GL_COLOR_ARRAY_STRIDE,32899
GL_COLOR_ARRAY_STRIDE_EXT,32899
GL_COLOR_ARRAY_TYPE,32898
GL_COLOR_ARRAY_TYPE_EXT,32898
GL_COLOR_ATTACHMENT0,36064
GL_COLOR_ATTACHMENT1,36065
GL_COLOR_ATTACHMENT10,36074
GL_COLOR_ATTACHMENT11,36075
GL_COLOR_ATTACHMENT12,36076
GL_COLOR_ATTACHMENT13,36077
GL_COLOR_ATTACHMENT14,36078
GL_COLOR_ATTACHMENT15,36079
GL_COLOR_ATTACHMENT16,36080
GL_COLOR_ATTACHMENT17,36081
GL_COLOR_ATTACHMENT18,36082
GL_COLOR_ATTACHMENT19,36083
GL_COLOR_ATTACHMENT2,36066
GL_COLOR_ATTACHMENT20,36084
GL_COLOR_ATTACHMENT21,36085
GL_COLOR_ATTACHMENT22,36086
GL_COLOR_ATTACHMENT23,36087
GL_COLOR_ATTACHMENT24,36088
GL_COLOR_ATTACHMENT25,36089
GL_COLOR_ATTACHMENT26,36090
GL_COLOR_ATTACHMENT27,36091
GL_COLOR_ATTACHMENT28,36092
GL_COLOR_ATTACHMENT29,36093
GL_COLOR_ATTACHMENT3,36067
GL_COLOR_ATTACHMENT30,36094
GL_COLOR_ATTACHMENT31,36095
GL_COLOR_ATTACHMENT4,36068
GL_COLOR_ATTACHMENT5,36069
GL_COLOR_ATTACHMENT6,36070
GL_COLOR_ATTACHMENT7,36071
GL_COLOR_ATTACHMENT8,36072
GL_COLOR_ATTACHMENT9,36073
GL_COLOR_BUFFER_BIT,16384
GL_COLOR_CLEAR_VALUE,3106
GL_COLOR_COMPONENTS,33411
GL_COLOR_ENCODING,33430
GL_COLOR_INDEX,6400
GL_COLOR_INDEX12_EXT,32998
GL_COLOR_INDEX16_EXT,32999
GL_COLOR_INDEX1_EXT,32994
GL_COLOR_INDEX2_EXT,32995
GL_COLOR_INDEX4_EXT,32996
GL_COLOR_INDEX8_EXT,32997
GL_COLOR_INDEXES,5635
GL_COLOR_LOGIC_OP,3058
GL_COLOR_MATERIAL,2903
GL_COLOR_MATERIAL_FACE,2901
GL_COLOR_MATERIAL_PARAMETER,2902
GL_COLOR_RENDERABLE,33414
GL_COLOR_TABLE_ALPHA_SIZE_EXT,32989
GL_COLOR_TABLE_BLUE_SIZE_EXT,32988
GL_COLOR_TABLE_FORMAT_EXT,32984
GL_COLOR_TABLE_GREEN_SIZE_EXT,32987
GL_COLOR_TABLE_INTENSITY_SIZE_EXT,32991
GL_COLOR_TABLE_LUMINANCE_SIZE_EXT,32990
GL_COLOR_TABLE_RED_SIZE_EXT,32986
GL_COLOR_TABLE_WIDTH_EXT,32985
GL_COLOR_WRITEMASK,3107
GL_COMMAND_BARRIER_BIT,64
GL_COMPARE_REF_TO_TEXTURE,34894
GL_COMPATIBLE_SUBROUTINES,36427
GL_COMPILE,4864
GL_COMPILE_AND_EXECUTE,4865
GL_COMPILE_STATUS,35713
GL_COMPRESSED_R11_EAC,37488
GL_COMPRESSED_RED,33317
GL_COMPRESSED_RED_RGTC1,36283
GL_COMPRESSED_RG,33318
GL_COMPRESSED_RG11_EAC,37490
GL_COMPRESSED_RGB,34029
GL_COMPRESSED_RGB8_ETC2,37492
GL_COMPRESSED_RGB8_PUNCHTHROUGH_ALPHA1_ETC2,37494
GL_COMPRESSED_RGBA,34030
GL_COMPRESSED_RGBA8_ETC2_EAC,37496
GL_COMPRESSED_RGBA_BPTC_UNORM,36492
GL_COMPRESSED_RGBA_BPTC_UNORM_ARB,36492
GL_COMPRESSED_RGB_BPTC_SIGNED_FLOAT,36494
GL_COMPRESSED_RGB_BPTC_SIGNED_FLOAT_ARB,36494
GL_COMPRESSED_RGB_BPTC_UNSIGNED_FLOAT,36495
GL_COMPRESSED_RGB_BPTC_UNSIGNED_FLOAT_ARB,36495
GL_COMPRESSED_RG_RGTC2,36285
GL_COMPRESSED_SIGNED_R11_EAC,37489
GL_COMPRESSED_SIGNED_RED_RGTC1,36284
GL_COMPRESSED_SIGNED_RG11_EAC,37491
GL_COMPRESSED_SIGNED_RG_RGTC2,36286
GL_COMPRESSED_SRGB,35912
GL_COMPRESSED_SRGB8_ALPHA8_ETC2_EAC,37497
GL_COMPRESSED_SRGB8_ETC2,37493
GL_COMPRESSED_SRGB8_PUNCHTHROUGH_ALPHA1_ETC2,37495
GL_COMPRESSED_SRGB_ALPHA,35913
GL_COMPRESSED_SRGB_ALPHA_BPTC_UNORM,36493
GL_COMPRESSED_SRGB_ALPHA_BPTC_UNORM_ARB,36493
GL_COMPRESSED_TEXTURE_FORMATS,34467
GL_COMPUTE_SHADER,37305
GL_COMPUTE_SHADER_BIT,32
GL_COMPUTE_SHADER_INVOCATIONS_ARB,33525
GL_COMPUTE_SUBROUTINE,37613
GL_COMPUTE_SUBROUTINE_UNIFORM,37619
GL_COMPUTE_TEXTURE,33440
GL_COMPUTE_WORK_GROUP_SIZE,33383
GL_CONDITION_SATISFIED,37148
GL_CONSTANT_ALPHA,32771
GL_CONSTANT_ATTENUATION,4615
GL_CONSTANT_COLOR,32769
GL_CONTEXT_COMPATIBILITY_PROFILE_BIT,2
GL_CONTEXT_CORE_PROFILE_BIT,1
GL_CONTEXT_FLAGS,33310
GL_CONTEXT_FLAG_DEBUG_BIT,2
GL_CONTEXT_FLAG_FORWARD_COMPATIBLE_BIT,1
GL_CONTEXT_FLAG_NO_ERROR_BIT_KHR,8
GL_CONTEXT_FLAG_ROBUST_ACCESS_BIT,4
GL_CONTEXT_FLAG_ROBUST_ACCESS_BIT_ARB,4
GL_CONTEXT_LOST,1287
GL_CONTEXT_PROFILE_MASK,37158
GL_CONTEXT_RELEASE_BEHAVIOR,33531
GL_CONTEXT_RELEASE_BEHAVIOR_FLUSH,33532
GL_CONTEXT_ROBUST_ACCESS,37107
GL_COPY,5379
GL_COPY_INVERTED,5388
GL_COPY_PIXEL_TOKEN,1798
GL_COPY_READ_BUFFER,36662
GL_COPY_READ_BUFFER_BINDING,36662
GL_COPY_WRITE_BUFFER,36663
GL_COPY_WRITE_BUFFER_BINDING,36663
GL_CULL_FACE,2884
GL_CULL_FACE_MODE,2885
GL_CURRENT_BIT,1
GL_CURRENT_COLOR,2816
GL_CURRENT_INDEX,2817
GL_CURRENT_NORMAL,2818
GL_CURRENT_PROGRAM,35725
GL_CURRENT_QUERY,34917
GL_CURRENT_RASTER_COLOR,2820
GL_CURRENT_RASTER_DISTANCE,2825
GL_CURRENT_RASTER_INDEX,2821
GL_CURRENT_RASTER_POSITION,2823
GL_CURRENT_RASTER_POSITION_VALID,2824
GL_CURRENT_RASTER_TEXTURE_COORDS,2822
GL_CURRENT_TEXTURE_COORDS,2819
GL_CURRENT_VERTEX_ATTRIB,34342
GL_CW,2304
GL_DEBUG_CALLBACK_FUNCTION,33348
GL_DEBUG_CALLBACK_FUNCTION_ARB,33348
GL_DEBUG_CALLBACK_USER_PARAM,33349
GL_DEBUG_CALLBACK_USER_PARAM_ARB,33349
GL_DEBUG_GROUP_STACK_DEPTH,33389
GL_DEBUG_LOGGED_MESSAGES,37189
GL_DEBUG_LOGGED_MESSAGES_ARB,37189
GL_DEBUG_NEXT_LOGGED_MESSAGE_LENGTH,33347
GL_DEBUG_NEXT_LOGGED_MESSAGE_LENGTH_ARB,33347
GL_DEBUG_OUTPUT,37600
GL_DEBUG_OUTPUT_SYNCHRONOUS,33346
GL_DEBUG_OUTPUT_SYNCHRONOUS_ARB,33346
GL_DEBUG_SEVERITY_HIGH,37190
GL_DEBUG_SEVERITY_HIGH_ARB,37190
GL_DEBUG_SEVERITY_LOW,37192
GL_DEBUG_SEVERITY_LOW_ARB,37192
GL_DEBUG_SEVERITY_MEDIUM,37191
GL_DEBUG_SEVERITY_MEDIUM_ARB,37191
GL_DEBUG_SEVERITY_NOTIFICATION,33387
GL_DEBUG_SOURCE_API,33350
GL_DEBUG_SOURCE_API_ARB,33350
GL_DEBUG_SOURCE_APPLICATION,33354
GL_DEBUG_SOURCE_APPLICATION_ARB,33354
GL_DEBUG_SOURCE_OTHER,33355
GL_DEBUG_SOURCE_OTHER_ARB,33355
GL_DEBUG_SOURCE_SHADER_COMPILER,33352
GL_DEBUG_SOURCE_SHADER_COMPILER_ARB,33352
GL_DEBUG_SOURCE_THIRD_PARTY,33353
GL_DEBUG_SOURCE_THIRD_PARTY_ARB,33353
GL_DEBUG_SOURCE_WINDOW_SYSTEM,33351
GL_DEBUG_SOURCE_WINDOW_SYSTEM_ARB,33351
GL_DEBUG_TYPE_DEPRECATED_BEHAVIOR,33357
GL_DEBUG_TYPE_DEPRECATED_BEHAVIOR_ARB,33357
GL_DEBUG_TYPE_ERROR,33356
GL_DEBUG_TYPE_ERROR_ARB,33356
GL_DEBUG_TYPE_MARKER,33384
GL_DEBUG_TYPE_OTHER,33361
GL_DEBUG_TYPE_OTHER_ARB,33361
GL_DEBUG_TYPE_PERFORMANCE,33360
GL_DEBUG_TYPE_PERFORMANCE_ARB,33360
GL_DEBUG_TYPE_POP_GROUP,33386
GL_DEBUG_TYPE_PORTABILITY,33359
GL_DEBUG_TYPE_PORTABILITY_ARB,33359
GL_DEBUG_TYPE_PUSH_GROUP,33385
GL_DEBUG_TYPE_UNDEFINED_BEHAVIOR,33358
GL_DEBUG_TYPE_UNDEFINED_BEHAVIOR_ARB,33358
GL_DECAL,8449
GL_DECR,7683
GL_DECR_WRAP,34056
GL_DELETE_STATUS,35712
GL_DEPTH,6145
GL_DEPTH24_STENCIL8,35056
GL_DEPTH32F_STENCIL8,36013
GL_DEPTH_ATTACHMENT,36096
GL_DEPTH_BIAS,3359
GL_DEPTH_BITS,3414
GL_DEPTH_BUFFER_BIT,256
GL_DEPTH_CLAMP,34383
GL_DEPTH_CLEAR_VALUE,2931
GL_DEPTH_COMPONENT,6402
GL_DEPTH_COMPONENT16,33189
GL_DEPTH_COMPONENT24,33190
GL_DEPTH_COMPONENT32,33191
GL_DEPTH_COMPONENT32F,36012
GL_DEPTH_COMPONENTS,33412
GL_DEPTH_FUNC,2932
GL_DEPTH_RANGE,2928
GL_DEPTH_RENDERABLE,33415
GL_DEPTH_SCALE,3358
GL_DEPTH_STENCIL,34041
GL_DEPTH_STENCIL_ATTACHMENT,33306
GL_DEPTH_STENCIL_TEXTURE_MODE,37098
GL_DEPTH_TEST,2929
GL_DEPTH_WRITEMASK,2930
GL_DIFFUSE,4609
GL_DISPATCH_INDIRECT_BUFFER,37102
GL_DISPATCH_INDIRECT_BUFFER_BINDING,37103
GL_DITHER,3024
GL_DOMAIN,2562
GL_DONT_CARE,4352
GL_DOUBLE,5130
GL_DOUBLEBUFFER,3122
GL_DOUBLE_MAT2,36678
GL_DOUBLE_MAT3,36679
GL_DOUBLE_MAT4,36680
GL_DOUBLE_VEC2,36860
GL_DOUBLE_VEC3,36861
GL_DOUBLE_VEC4,36862
GL_DRAW_BUFFER,3073
GL_DRAW_BUFFER0,34853
GL_DRAW_BUFFER1,34854
GL_DRAW_BUFFER10,34863
GL_DRAW_BUFFER11,34864
GL_DRAW_BUFFER12,34865
GL_DRAW_BUFFER13,34866
GL_DRAW_BUFFER14,34867
GL_DRAW_BUFFER15,34868
GL_DRAW_BUFFER2,34855
GL_DRAW_BUFFER3,34856
GL_DRAW_BUFFER4,34857
GL_DRAW_BUFFER5,34858
GL_DRAW_BUFFER6,34859
GL_DRAW_BUFFER7,34860
GL_DRAW_BUFFER8,34861
GL_DRAW_BUFFER9,34862
GL_DRAW_FRAMEBUFFER,36009
GL_DRAW_FRAMEBUFFER_BINDING,36006
GL_DRAW_INDIRECT_BUFFER,36671
GL_DRAW_INDIRECT_BUFFER_BINDING,36675
GL_DRAW_PIXEL_TOKEN,1797
GL_DST_ALPHA,772
GL_DST_COLOR,774
GL_DYNAMIC_COPY,35050
GL_DYNAMIC_DRAW,35048
GL_DYNAMIC_READ,35049
GL_DYNAMIC_STORAGE_BIT,256
GL_EDGE_FLAG,2883
GL_EDGE_FLAG_ARRAY,32889
GL_EDGE_FLAG_ARRAY_COUNT_EXT,32909
GL_EDGE_FLAG_ARRAY_EXT,32889
GL_EDGE_FLAG_ARRAY_POINTER,32915
GL_EDGE_FLAG_ARRAY_POINTER_EXT,32915
GL_EDGE_FLAG_ARRAY_STRIDE,32908
GL_EDGE_FLAG_ARRAY_STRIDE_EXT,32908
GL_ELEMENT_ARRAY_BARRIER_BIT,2
GL_ELEMENT_ARRAY_BUFFER,34963
GL_ELEMENT_ARRAY_BUFFER_BINDING,34965
GL_EMISSION,5632
GL_ENABLE_BIT,8192
GL_EQUAL,514
GL_EQUIV,5385
GL_EVAL_BIT,65536
GL_EXP,2048
GL_EXP2,2049
GL_EXTENSIONS,7939
GL_EYE_LINEAR,9216
GL_EYE_PLANE,9474
GL_FALSE,0
GL_FASTEST,4353
GL_FEEDBACK,7169
GL_FEEDBACK_BUFFER_POINTER,3568
GL_FEEDBACK_BUFFER_SIZE,3569
GL_FEEDBACK_BUFFER_TYPE,3570
GL_FILL,6914
GL_FILTER,33434
GL_FIRST_VERTEX_CONVENTION,36429
GL_FIXED,5132
GL_FIXED_ONLY,35101
GL_FLAT,7424
GL_FLOAT,5126
GL_FLOAT_32_UNSIGNED_INT_24_8_REV,36269
GL_FLOAT_MAT2,35674
GL_FLOAT_MAT3,35675
GL_FLOAT_MAT4,35676
GL_FLOAT_VEC2,35664
GL_FLOAT_VEC3,35665
GL_FLOAT_VEC4,35666
GL_FOG,2912
GL_FOG_BIT,128
GL_FOG_COLOR,2918
GL_FOG_DENSITY,2914
GL_FOG_END,2916
GL_FOG_HINT,3156
GL_FOG_INDEX,2913
GL_FOG_MODE,2917
GL_FOG_SPECULAR_TEXTURE_WIN,33004
GL_FOG_START,2915
GL_FRACTIONAL_EVEN,36476
GL_FRACTIONAL_ODD,36475
GL_FRAGMENT_INTERPOLATION_OFFSET_BITS,36445
GL_FRAGMENT_SHADER,35632
GL_FRAGMENT_SHADER_BIT,2
GL_FRAGMENT_SHADER_DERIVATIVE_HINT,35723
GL_FRAGMENT_SHADER_INVOCATIONS_ARB,33524
GL_FRAGMENT_SUBROUTINE,37612
GL_FRAGMENT_SUBROUTINE_UNIFORM,37618
GL_FRAGMENT_TEXTURE,33439
GL_FRAMEBUFFER,36160
GL_FRAMEBUFFER_ATTACHMENT_ALPHA_SIZE,33301
GL_FRAMEBUFFER_ATTACHMENT_BLUE_SIZE,33300
GL_FRAMEBUFFER_ATTACHMENT_COLOR_ENCODING,33296
GL_FRAMEBUFFER_ATTACHMENT_COMPONENT_TYPE,33297
GL_FRAMEBUFFER_ATTACHMENT_DEPTH_SIZE,33302
GL_FRAMEBUFFER_ATTACHMENT_GREEN_SIZE,33299
GL_FRAMEBUFFER_ATTACHMENT_LAYERED,36263
GL_FRAMEBUFFER_ATTACHMENT_OBJECT_NAME,36049
GL_FRAMEBUFFER_ATTACHMENT_OBJECT_TYPE,36048
GL_FRAMEBUFFER_ATTACHMENT_RED_SIZE,33298
GL_FRAMEBUFFER_ATTACHMENT_STENCIL_SIZE,33303
GL_FRAMEBUFFER_ATTACHMENT_TEXTURE_CUBE_MAP_FACE,36051
GL_FRAMEBUFFER_ATTACHMENT_TEXTURE_LAYER,36052
GL_FRAMEBUFFER_ATTACHMENT_TEXTURE_LEVEL,36050
GL_FRAMEBUFFER_BARRIER_BIT,1024
GL_FRAMEBUFFER_BINDING,36006
GL_FRAMEBUFFER_BLEND,33419
GL_FRAMEBUFFER_COMPLETE,36053
GL_FRAMEBUFFER_DEFAULT,33304
GL_FRAMEBUFFER_DEFAULT_FIXED_SAMPLE_LOCATIONS,37652
GL_FRAMEBUFFER_DEFAULT_HEIGHT,37649
GL_FRAMEBUFFER_DEFAULT_LAYERS,37650
GL_FRAMEBUFFER_DEFAULT_SAMPLES,37651
GL_FRAMEBUFFER_DEFAULT_WIDTH,37648
GL_FRAMEBUFFER_INCOMPLETE_ATTACHMENT,36054
GL_FRAMEBUFFER_INCOMPLETE_DRAW_BUFFER,36059
GL_FRAMEBUFFER_INCOMPLETE_LAYER_TARGETS,36264
GL_FRAMEBUFFER_INCOMPLETE_MISSING_ATTACHMENT,36055
GL_FRAMEBUFFER_INCOMPLETE_MULTISAMPLE,36182
GL_FRAMEBUFFER_INCOMPLETE_READ_BUFFER,36060
GL_FRAMEBUFFER_RENDERABLE,33417
GL_FRAMEBUFFER_RENDERABLE_LAYERED,33418
GL_FRAMEBUFFER_SRGB,36281
GL_FRAMEBUFFER_UNDEFINED,33305
GL_FRAMEBUFFER_UNSUPPORTED,36061
GL_FRONT,1028
GL_FRONT_AND_BACK,1032
GL_FRONT_FACE,2886
GL_FRONT_LEFT,1024
GL_FRONT_RIGHT,1025
GL_FULL_SUPPORT,33463
GL_FUNC_ADD,32774
GL_FUNC_REVERSE_SUBTRACT,32779
GL_FUNC_SUBTRACT,32778
GL_GEOMETRY_INPUT_TYPE,35095
GL_GEOMETRY_OUTPUT_TYPE,35096
GL_GEOMETRY_SHADER,36313
GL_GEOMETRY_SHADER_BIT,4
GL_GEOMETRY_SHADER_INVOCATIONS,34943
GL_GEOMETRY_SHADER_PRIMITIVES_EMITTED_ARB,33523
GL_GEOMETRY_SUBROUTINE,37611
GL_GEOMETRY_SUBROUTINE_UNIFORM,37617
GL_GEOMETRY_TEXTURE,33438
GL_GEOMETRY_VERTICES_OUT,35094
GL_GEQUAL,518
GL_GET_TEXTURE_IMAGE_FORMAT,33425
GL_GET_TEXTURE_IMAGE_TYPE,33426
GL_GREATER,516
GL_GREEN,6404
GL_GREEN_BIAS,3353
GL_GREEN_BITS,3411
GL_GREEN_INTEGER,36245
GL_GREEN_SCALE,3352
GL_GUILTY_CONTEXT_RESET,33363
GL_GUILTY_CONTEXT_RESET_ARB,33363
GL_HALF_FLOAT,5131
GL_HIGH_FLOAT,36338
GL_HIGH_INT,36341
GL_HINT_BIT,32768
GL_IMAGE_1D,36940
GL_IMAGE_1D_ARRAY,36946
GL_IMAGE_2D,36941
GL_IMAGE_2D_ARRAY,36947
GL_IMAGE_2D_MULTISAMPLE,36949
GL_IMAGE_2D_MULTISAMPLE_ARRAY,36950
GL_IMAGE_2D_RECT,36943
GL_IMAGE_3D,36942
GL_IMAGE_BINDING_ACCESS,36670
GL_IMAGE_BINDING_FORMAT,36974
GL_IMAGE_BINDING_LAYER,36669
GL_IMAGE_BINDING_LAYERED,36668
GL_IMAGE_BINDING_LEVEL,36667
GL_IMAGE_BINDING_NAME,36666
GL_IMAGE_BUFFER,36945
GL_IMAGE_CLASS_10_10_10_2,33475
GL_IMAGE_CLASS_11_11_10,33474
GL_IMAGE_CLASS_1_X_16,33470
GL_IMAGE_CLASS_1_X_32,33467
GL_IMAGE_CLASS_1_X_8,33473
GL_IMAGE_CLASS_2_X_16,33469
GL_IMAGE_CLASS_2_X_32,33466
GL_IMAGE_CLASS_2_X_8,33472
GL_IMAGE_CLASS_4_X_16,33468
GL_IMAGE_CLASS_4_X_32,33465
GL_IMAGE_CLASS_4_X_8,33471
GL_IMAGE_COMPATIBILITY_CLASS,33448
GL_IMAGE_CUBE,36944
GL_IMAGE_CUBE_MAP_ARRAY,36948
GL_IMAGE_FORMAT_COMPATIBILITY_BY_CLASS,37065
GL_IMAGE_FORMAT_COMPATIBILITY_BY_SIZE,37064
GL_IMAGE_FORMAT_COMPATIBILITY_TYPE,37063
GL_IMAGE_PIXEL_FORMAT,33449
GL_IMAGE_PIXEL_TYPE,33450
GL_IMAGE_TEXEL_SIZE,33447
GL_IMPLEMENTATION_COLOR_READ_FORMAT,35739
GL_IMPLEMENTATION_COLOR_READ_TYPE,35738
GL_INCR,7682
GL_INCR_WRAP,34055
GL_INDEX_ARRAY,32887
GL_INDEX_ARRAY_COUNT_EXT,32903
GL_INDEX_ARRAY_EXT,32887
GL_INDEX_ARRAY_POINTER,32913
GL_INDEX_ARRAY_POINTER_EXT,32913
GL_INDEX_ARRAY_STRIDE,32902
GL_INDEX_ARRAY_STRIDE_EXT,32902
GL_INDEX_ARRAY_TYPE,32901
GL_INDEX_ARRAY_TYPE_EXT,32901
GL_INDEX_BITS,3409
GL_INDEX_CLEAR_VALUE,3104
GL_INDEX_LOGIC_OP,3057
GL_INDEX_MODE,3120
GL_INDEX_OFFSET,3347
GL_INDEX_SHIFT,3346
GL_INDEX_WRITEMASK,3105
GL_INFO_LOG_LENGTH,35716
GL_INNOCENT_CONTEXT_RESET,33364
GL_INNOCENT_CONTEXT_RESET_ARB,33364
GL_INT,5124
GL_INTENSITY,32841
GL_INTENSITY12,32844
GL_INTENSITY16,32845
GL_INTENSITY4,32842
GL_INTENSITY8,32843
GL_INTERLEAVED_ATTRIBS,35980
GL_INTERNALFORMAT_ALPHA_SIZE,33396
GL_INTERNALFORMAT_ALPHA_TYPE,33403
GL_INTERNALFORMAT_BLUE_SIZE,33395
GL_INTERNALFORMAT_BLUE_TYPE,33402
GL_INTERNALFORMAT_DEPTH_SIZE,33397
GL_INTERNALFORMAT_DEPTH_TYPE,33404
GL_INTERNALFORMAT_GREEN_SIZE,33394
GL_INTERNALFORMAT_GREEN_TYPE,33401
GL_INTERNALFORMAT_PREFERRED,33392
GL_INTERNALFORMAT_RED_SIZE,33393
GL_INTERNALFORMAT_RED_TYPE,33400
GL_INTERNALFORMAT_SHARED_SIZE,33399
GL_INTERNALFORMAT_STENCIL_SIZE,33398
GL_INTERNALFORMAT_STENCIL_TYPE,33405
GL_INTERNALFORMAT_SUPPORTED,33391
GL_INT_2_10_10_10_REV,36255
GL_INT_IMAGE_1D,36951
GL_INT_IMAGE_1D_ARRAY,36957
GL_INT_IMAGE_2D,36952
GL_INT_IMAGE_2D_ARRAY,36958
GL_INT_IMAGE_2D_MULTISAMPLE,36960
GL_INT_IMAGE_2D_MULTISAMPLE_ARRAY,36961
GL_INT_IMAGE_2D_RECT,36954
GL_INT_IMAGE_3D,36953
GL_INT_IMAGE_BUFFER,36956
GL_INT_IMAGE_CUBE,36955
GL_INT_IMAGE_CUBE_MAP_ARRAY,36959
GL_INT_SAMPLER_1D,36297
GL_INT_SAMPLER_1D_ARRAY,36302
GL_INT_SAMPLER_2D,36298
GL_INT_SAMPLER_2D_ARRAY,36303
GL_INT_SAMPLER_2D_MULTISAMPLE,37129
GL_INT_SAMPLER_2D_MULTISAMPLE_ARRAY,37132
GL_INT_SAMPLER_2D_RECT,36301
GL_INT_SAMPLER_3D,36299
GL_INT_SAMPLER_BUFFER,36304
GL_INT_SAMPLER_CUBE,36300
GL_INT_SAMPLER_CUBE_MAP_ARRAY,36878
GL_INT_SAMPLER_CUBE_MAP_ARRAY_ARB,36878
GL_INT_VEC2,35667
GL_INT_VEC3,35668
GL_INT_VEC4,35669
GL_INVALID_ENUM,1280
GL_INVALID_FRAMEBUFFER_OPERATION,1286
GL_INVALID_OPERATION,1282
GL_INVALID_VALUE,1281
GL_INVERT,5386
GL_ISOLINES,36474
GL_IS_PER_PATCH,37607
GL_IS_ROW_MAJOR,37632
GL_KEEP,7680
GL_LAST_VERTEX_CONVENTION,36430
GL_LAYER_PROVOKING_VERTEX,33374
GL_LEFT,1030
GL_LEQUAL,515
GL_LESS,513
GL_LIGHT0,16384
GL_LIGHT1,16385
GL_LIGHT2,16386
GL_LIGHT3,16387
GL_LIGHT4,16388
GL_LIGHT5,16389
GL_LIGHT6,16390
GL_LIGHT7,16391
GL_LIGHTING,2896
GL_LIGHTING_BIT,64
GL_LIGHT_MODEL_AMBIENT,2899
GL_LIGHT_MODEL_LOCAL_VIEWER,2897
GL_LIGHT_MODEL_TWO_SIDE,2898
GL_LINE,6913
GL_LINEAR,9729
GL_LINEAR_ATTENUATION,4616
GL_LINEAR_MIPMAP_LINEAR,9987
GL_LINEAR_MIPMAP_NEAREST,9985
GL_LINES,1
GL_LINES_ADJACENCY,10
GL_LINE_BIT,4
GL_LINE_LOOP,2
GL_LINE_RESET_TOKEN,1799
GL_LINE_SMOOTH,2848
GL_LINE_SMOOTH_HINT,3154
GL_LINE_STIPPLE,2852
GL_LINE_STIPPLE_PATTERN,2853
GL_LINE_STIPPLE_REPEAT,2854
GL_LINE_STRIP,3
GL_LINE_STRIP_ADJACENCY,11
GL_LINE_TOKEN,1794
GL_LINE_WIDTH,2849
GL_LINE_WIDTH_GRANULARITY,2851
GL_LINE_WIDTH_RANGE,2850
GL_LINK_STATUS,35714
GL_LIST_BASE,2866
GL_LIST_BIT,131072
GL_LIST_INDEX,2867
GL_LIST_MODE,2864
GL_LOAD,257
GL_LOCATION,37646
GL_LOCATION_COMPONENT,37706
GL_LOCATION_INDEX,37647
GL_LOGIC_OP_MODE,3056
GL_LOSE_CONTEXT_ON_RESET,33362
GL_LOSE_CONTEXT_ON_RESET_ARB,33362
GL_LOWER_LEFT,36001
GL_LOW_FLOAT,36336
GL_LOW_INT,36339
GL_LUMINANCE,6409
GL_LUMINANCE12,32833
GL_LUMINANCE12_ALPHA12,32839
GL_LUMINANCE12_ALPHA4,32838
GL_LUMINANCE16,32834
GL_LUMINANCE16_ALPHA16,32840
GL_LUMINANCE4,32831
GL_LUMINANCE4_ALPHA4,32835
GL_LUMINANCE6_ALPHA2,32836
GL_LUMINANCE8,32832
GL_LUMINANCE8_ALPHA8,32837
GL_LUMINANCE_ALPHA,6410
GL_MAJOR_VERSION,33307
GL_MANUAL_GENERATE_MIPMAP,33428
GL_MAP1_COLOR_4,3472
GL_MAP1_GRID_DOMAIN,3536
GL_MAP1_GRID_SEGMENTS,3537
GL_MAP1_INDEX,3473
GL_MAP1_NORMAL,3474
GL_MAP1_TEXTURE_COORD_1,3475
GL_MAP1_TEXTURE_COORD_2,3476
GL_MAP1_TEXTURE_COORD_3,3477
GL_MAP1_TEXTURE_COORD_4,3478
GL_MAP1_VERTEX_3,3479
GL_MAP1_VERTEX_4,3480
GL_MAP2_COLOR_4,3504
GL_MAP2_GRID_DOMAIN,3538
GL_MAP2_GRID_SEGMENTS,3539
GL_MAP2_INDEX,3505
GL_MAP2_NORMAL,3506
GL_MAP2_TEXTURE_COORD_1,3507
GL_MAP2_TEXTURE_COORD_2,3508
GL_MAP2_TEXTURE_COORD_3,3509
GL_MAP2_TEXTURE_COORD_4,3510
GL_MAP2_VERTEX_3,3511
GL_MAP2_VERTEX_4,3512
GL_MAP_COHERENT_BIT,128
GL_MAP_COLOR,3344
GL_MAP_FLUSH_EXPLICIT_BIT,16
GL_MAP_INVALIDATE_BUFFER_BIT,8
GL_MAP_INVALIDATE_RANGE_BIT,4
GL_MAP_PERSISTENT_BIT,64
GL_MAP_READ_BIT,1
GL_MAP_STENCIL,3345
GL_MAP_UNSYNCHRONIZED_BIT,32
GL_MAP_WRITE_BIT,2
GL_MATRIX_MODE,2976
GL_MATRIX_STRIDE,37631
GL_MAX,32776
GL_MAX_3D_TEXTURE_SIZE,32883
GL_MAX_ARRAY_TEXTURE_LAYERS,35071
GL_MAX_ATOMIC_COUNTER_BUFFER_BINDINGS,37596
GL_MAX_ATOMIC_COUNTER_BUFFER_SIZE,37592
GL_MAX_ATTRIB_STACK_DEPTH,3381
GL_MAX_CLIENT_ATTRIB_STACK_DEPTH,3387
GL_MAX_CLIP_DISTANCES,3378
GL_MAX_CLIP_PLANES,3378
GL_MAX_COLOR_ATTACHMENTS,36063
GL_MAX_COLOR_TEXTURE_SAMPLES,37134
GL_MAX_COMBINED_ATOMIC_COUNTERS,37591
GL_MAX_COMBINED_ATOMIC_COUNTER_BUFFERS,37585
GL_MAX_COMBINED_CLIP_AND_CULL_DISTANCES,33530
GL_MAX_COMBINED_COMPUTE_UNIFORM_COMPONENTS,33382
GL_MAX_COMBINED_DIMENSIONS,33410
GL_MAX_COMBINED_FRAGMENT_UNIFORM_COMPONENTS,35379
GL_MAX_COMBINED_GEOMETRY_UNIFORM_COMPONENTS,35378
GL_MAX_COMBINED_IMAGE_UNIFORMS,37071
GL_MAX_COMBINED_IMAGE_UNITS_AND_FRAGMENT_OUTPUTS,36665
GL_MAX_COMBINED_SHADER_OUTPUT_RESOURCES,36665
GL_MAX_COMBINED_SHADER_STORAGE_BLOCKS,37084
GL_MAX_COMBINED_TESS_CONTROL_UNIFORM_COMPONENTS,36382
GL_MAX_COMBINED_TESS_EVALUATION_UNIFORM_COMPONENTS,36383
GL_MAX_COMBINED_TEXTURE_IMAGE_UNITS,35661
GL_MAX_COMBINED_UNIFORM_BLOCKS,35374
GL_MAX_COMBINED_VERTEX_UNIFORM_COMPONENTS,35377
GL_MAX_COMPUTE_ATOMIC_COUNTERS,33381
GL_MAX_COMPUTE_ATOMIC_COUNTER_BUFFERS,33380
GL_MAX_COMPUTE_FIXED_GROUP_INVOCATIONS_ARB,37099
GL_MAX_COMPUTE_FIXED_GROUP_SIZE_ARB,37311
GL_MAX_COMPUTE_IMAGE_UNIFORMS,37309
GL_MAX_COMPUTE_SHADER_STORAGE_BLOCKS,37083
GL_MAX_COMPUTE_SHARED_MEMORY_SIZE,33378
GL_MAX_COMPUTE_TEXTURE_IMAGE_UNITS,37308
GL_MAX_COMPUTE_UNIFORM_BLOCKS,37307
GL_MAX_COMPUTE_UNIFORM_COMPONENTS,33379
GL_MAX_COMPUTE_VARIABLE_GROUP_INVOCATIONS_ARB,37700
GL_MAX_COMPUTE_VARIABLE_GROUP_SIZE_ARB,37701
GL_MAX_COMPUTE_WORK_GROUP_COUNT,37310
GL_MAX_COMPUTE_WORK_GROUP_INVOCATIONS,37099
GL_MAX_COMPUTE_WORK_GROUP_SIZE,37311
GL_MAX_CUBE_MAP_TEXTURE_SIZE,34076
GL_MAX_CULL_DISTANCES,33529
GL_MAX_DEBUG_GROUP_STACK_DEPTH,33388
GL_MAX_DEBUG_LOGGED_MESSAGES,37188
GL_MAX_DEBUG_LOGGED_MESSAGES_ARB,37188
GL_MAX_DEBUG_MESSAGE_LENGTH,37187
GL_MAX_DEBUG_MESSAGE_LENGTH_ARB,37187
GL_MAX_DEPTH,33408
GL_MAX_DEPTH_TEXTURE_SAMPLES,37135
GL_MAX_DRAW_BUFFERS,34852
GL_MAX_DUAL_SOURCE_DRAW_BUFFERS,35068
GL_MAX_ELEMENTS_INDICES,33001
GL_MAX_ELEMENTS_INDICES_WIN,33001
GL_MAX_ELEMENTS_VERTICES,33000
GL_MAX_ELEMENTS_VERTICES_WIN,33000
GL_MAX_ELEMENT_INDEX,36203
GL_MAX_EVAL_ORDER,3376
GL_MAX_FRAGMENT_ATOMIC_COUNTERS,37590
GL_MAX_FRAGMENT_ATOMIC_COUNTER_BUFFERS,37584
GL_MAX_FRAGMENT_IMAGE_UNIFORMS,37070
GL_MAX_FRAGMENT_INPUT_COMPONENTS,37157
GL_MAX_FRAGMENT_INTERPOLATION_OFFSET,36444
GL_MAX_FRAGMENT_SHADER_STORAGE_BLOCKS,37082
GL_MAX_FRAGMENT_UNIFORM_BLOCKS,35373
GL_MAX_FRAGMENT_UNIFORM_COMPONENTS,35657
GL_MAX_FRAGMENT_UNIFORM_VECTORS,36349
GL_MAX_FRAMEBUFFER_HEIGHT,37654
GL_MAX_FRAMEBUFFER_LAYERS,37655
GL_MAX_FRAMEBUFFER_SAMPLES,37656
GL_MAX_FRAMEBUFFER_WIDTH,37653
GL_MAX_GEOMETRY_ATOMIC_COUNTERS,37589
GL_MAX_GEOMETRY_ATOMIC_COUNTER_BUFFERS,37583
GL_MAX_GEOMETRY_IMAGE_UNIFORMS,37069
GL_MAX_GEOMETRY_INPUT_COMPONENTS,37155
GL_MAX_GEOMETRY_OUTPUT_COMPONENTS,37156
GL_MAX_GEOMETRY_OUTPUT_VERTICES,36320
GL_MAX_GEOMETRY_SHADER_INVOCATIONS,36442
GL_MAX_GEOMETRY_SHADER_STORAGE_BLOCKS,37079
GL_MAX_GEOMETRY_TEXTURE_IMAGE_UNITS,35881
GL_MAX_GEOMETRY_TOTAL_OUTPUT_COMPONENTS,36321
GL_MAX_GEOMETRY_UNIFORM_BLOCKS,35372
GL_MAX_GEOMETRY_UNIFORM_COMPONENTS,36319
GL_MAX_HEIGHT,33407
GL_MAX_IMAGE_SAMPLES,36973
GL_MAX_IMAGE_UNITS,36664
GL_MAX_INTEGER_SAMPLES,37136
GL_MAX_LABEL_LENGTH,33512
GL_MAX_LAYERS,33409
GL_MAX_LIGHTS,3377
GL_MAX_LIST_NESTING,2865
GL_MAX_MODELVIEW_STACK_DEPTH,3382
GL_MAX_NAME_LENGTH,37622
GL_MAX_NAME_STACK_DEPTH,3383
GL_MAX_NUM_ACTIVE_VARIABLES,37623
GL_MAX_NUM_COMPATIBLE_SUBROUTINES,37624
GL_MAX_PATCH_VERTICES,36477
GL_MAX_PIXEL_MAP_TABLE,3380
GL_MAX_PROGRAM_TEXEL_OFFSET,35077
GL_MAX_PROGRAM_TEXTURE_GATHER_COMPONENTS_ARB,36767
GL_MAX_PROGRAM_TEXTURE_GATHER_OFFSET,36447
GL_MAX_PROGRAM_TEXTURE_GATHER_OFFSET_ARB,36447
GL_MAX_PROJECTION_STACK_DEPTH,3384
GL_MAX_RECTANGLE_TEXTURE_SIZE,34040
GL_MAX_RENDERBUFFER_SIZE,34024
GL_MAX_SAMPLES,36183
GL_MAX_SAMPLE_MASK_WORDS,36441
GL_MAX_SERVER_WAIT_TIMEOUT,37137
GL_MAX_SHADER_STORAGE_BLOCK_SIZE,37086
GL_MAX_SHADER_STORAGE_BUFFER_BINDINGS,37085
GL_MAX_SPARSE_3D_TEXTURE_SIZE_ARB,37273
GL_MAX_SPARSE_ARRAY_TEXTURE_LAYERS_ARB,37274
GL_MAX_SPARSE_TEXTURE_SIZE_ARB,37272
GL_MAX_SUBROUTINES,36327
GL_MAX_SUBROUTINE_UNIFORM_LOCATIONS,36328
GL_MAX_TESS_CONTROL_ATOMIC_COUNTERS,37587
GL_MAX_TESS_CONTROL_ATOMIC_COUNTER_BUFFERS,37581
GL_MAX_TESS_CONTROL_IMAGE_UNIFORMS,37067
GL_MAX_TESS_CONTROL_INPUT_COMPONENTS,34924
GL_MAX_TESS_CONTROL_OUTPUT_COMPONENTS,36483
GL_MAX_TESS_CONTROL_SHADER_STORAGE_BLOCKS,37080
GL_MAX_TESS_CONTROL_TEXTURE_IMAGE_UNITS,36481
GL_MAX_TESS_CONTROL_TOTAL_OUTPUT_COMPONENTS,36485
GL_MAX_TESS_CONTROL_UNIFORM_BLOCKS,36489
GL_MAX_TESS_CONTROL_UNIFORM_COMPONENTS,36479
GL_MAX_TESS_EVALUATION_ATOMIC_COUNTERS,37588
GL_MAX_TESS_EVALUATION_ATOMIC_COUNTER_BUFFERS,37582
GL_MAX_TESS_EVALUATION_IMAGE_UNIFORMS,37068
GL_MAX_TESS_EVALUATION_INPUT_COMPONENTS,34925
GL_MAX_TESS_EVALUATION_OUTPUT_COMPONENTS,36486
GL_MAX_TESS_EVALUATION_SHADER_STORAGE_BLOCKS,37081
GL_MAX_TESS_EVALUATION_TEXTURE_IMAGE_UNITS,36482
GL_MAX_TESS_EVALUATION_UNIFORM_BLOCKS,36490
GL_MAX_TESS_EVALUATION_UNIFORM_COMPONENTS,36480
GL_MAX_TESS_GEN_LEVEL,36478
GL_MAX_TESS_PATCH_COMPONENTS,36484
GL_MAX_TEXTURE_BUFFER_SIZE,35883
GL_MAX_TEXTURE_IMAGE_UNITS,34930
GL_MAX_TEXTURE_LOD_BIAS,34045
GL_MAX_TEXTURE_SIZE,3379
GL_MAX_TEXTURE_STACK_DEPTH,3385
GL_MAX_TRANSFORM_FEEDBACK_BUFFERS,36464
GL_MAX_TRANSFORM_FEEDBACK_INTERLEAVED_COMPONENTS,35978
GL_MAX_TRANSFORM_FEEDBACK_SEPARATE_ATTRIBS,35979
GL_MAX_TRANSFORM_FEEDBACK_SEPARATE_COMPONENTS,35968
GL_MAX_UNIFORM_BLOCK_SIZE,35376
GL_MAX_UNIFORM_BUFFER_BINDINGS,35375
GL_MAX_UNIFORM_LOCATIONS,33390
GL_MAX_VARYING_COMPONENTS,35659
GL_MAX_VARYING_FLOATS,35659
GL_MAX_VARYING_VECTORS,36348
GL_MAX_VERTEX_ATOMIC_COUNTERS,37586
GL_MAX_VERTEX_ATOMIC_COUNTER_BUFFERS,37580
GL_MAX_VERTEX_ATTRIBS,34921
GL_MAX_VERTEX_ATTRIB_BINDINGS,33498
GL_MAX_VERTEX_ATTRIB_RELATIVE_OFFSET,33497
GL_MAX_VERTEX_ATTRIB_STRIDE,33509
GL_MAX_VERTEX_IMAGE_UNIFORMS,37066
GL_MAX_VERTEX_OUTPUT_COMPONENTS,37154
GL_MAX_VERTEX_SHADER_STORAGE_BLOCKS,37078
GL_MAX_VERTEX_STREAMS,36465
GL_MAX_VERTEX_TEXTURE_IMAGE_UNITS,35660
GL_MAX_VERTEX_UNIFORM_BLOCKS,35371
GL_MAX_VERTEX_UNIFORM_COMPONENTS,35658
GL_MAX_VERTEX_UNIFORM_VECTORS,36347
GL_MAX_VIEWPORTS,33371
GL_MAX_VIEWPORT_DIMS,3386
GL_MAX_WIDTH,33406
GL_MEDIUM_FLOAT,36337
GL_MEDIUM_INT,36340
GL_MIN,32775
GL_MINOR_VERSION,33308
GL_MIN_FRAGMENT_INTERPOLATION_OFFSET,36443
GL_MIN_MAP_BUFFER_ALIGNMENT,37052
GL_MIN_PROGRAM_TEXEL_OFFSET,35076
GL_MIN_PROGRAM_TEXTURE_GATHER_OFFSET,36446
GL_MIN_PROGRAM_TEXTURE_GATHER_OFFSET_ARB,36446
GL_MIN_SAMPLE_SHADING_VALUE,35895
GL_MIN_SAMPLE_SHADING_VALUE_ARB,35895
GL_MIPMAP,33427
GL_MIRRORED_REPEAT,33648
GL_MIRROR_CLAMP_TO_EDGE,34627
GL_MODELVIEW,5888
GL_MODELVIEW_MATRIX,2982
GL_MODELVIEW_STACK_DEPTH,2979
GL_MODULATE,8448
GL_MULT,259
GL_MULTISAMPLE,32925
GL_N3F_V3F,10789
GL_NAMED_STRING_LENGTH_ARB,36329
GL_NAMED_STRING_TYPE_ARB,36330
GL_NAME_LENGTH,37625
GL_NAME_STACK_DEPTH,3440
GL_NAND,5390
GL_NEAREST,9728
GL_NEAREST_MIPMAP_LINEAR,9986
GL_NEAREST_MIPMAP_NEAREST,9984
GL_NEGATIVE_ONE_TO_ONE,37726
GL_NEVER,512
GL_NICEST,4354
GL_NONE,0
GL_NOOP,5381
GL_NOR,5384
GL_NORMALIZE,2977
GL_NORMAL_ARRAY,32885
GL_NORMAL_ARRAY_COUNT_EXT,32896
GL_NORMAL_ARRAY_EXT,32885
GL_NORMAL_ARRAY_POINTER,32911
GL_NORMAL_ARRAY_POINTER_EXT,32911
GL_NORMAL_ARRAY_STRIDE,32895
GL_NORMAL_ARRAY_STRIDE_EXT,32895
GL_NORMAL_ARRAY_TYPE,32894
GL_NORMAL_ARRAY_TYPE_EXT,32894
GL_NOTEQUAL,517
GL_NO_ERROR,0
GL_NO_RESET_NOTIFICATION,33377
GL_NO_RESET_NOTIFICATION_ARB,33377
GL_NUM_ACTIVE_VARIABLES,37636
GL_NUM_COMPATIBLE_SUBROUTINES,36426
GL_NUM_COMPRESSED_TEXTURE_FORMATS,34466
GL_NUM_EXTENSIONS,33309
GL_NUM_PROGRAM_BINARY_FORMATS,34814
GL_NUM_SAMPLE_COUNTS,37760
GL_NUM_SHADER_BINARY_FORMATS,36345
GL_NUM_SHADING_LANGUAGE_VERSIONS,33513
GL_NUM_SPARSE_LEVELS_ARB,37290
GL_NUM_VIRTUAL_PAGE_SIZES_ARB,37288
GL_OBJECT_LINEAR,9217
GL_OBJECT_PLANE,9473
GL_OBJECT_TYPE,37138
GL_OFFSET,37628
GL_ONE,1
GL_ONE_MINUS_CONSTANT_ALPHA,32772
GL_ONE_MINUS_CONSTANT_COLOR,32770
GL_ONE_MINUS_DST_ALPHA,773
GL_ONE_MINUS_DST_COLOR,775
GL_ONE_MINUS_SRC1_ALPHA,35067
GL_ONE_MINUS_SRC1_COLOR,35066
GL_ONE_MINUS_SRC_ALPHA,771
GL_ONE_MINUS_SRC_COLOR,769
GL_OR,5383
GL_ORDER,2561
GL_OR_INVERTED,5389
GL_OR_REVERSE,5387
GL_OUT_OF_MEMORY,1285
GL_PACK_ALIGNMENT,3333
GL_PACK_COMPRESSED_BLOCK_DEPTH,37165
GL_PACK_COMPRESSED_BLOCK_HEIGHT,37164
GL_PACK_COMPRESSED_BLOCK_SIZE,37166
GL_PACK_COMPRESSED_BLOCK_WIDTH,37163
GL_PACK_IMAGE_HEIGHT,32876
GL_PACK_LSB_FIRST,3329
GL_PACK_ROW_LENGTH,3330
GL_PACK_SKIP_IMAGES,32875
GL_PACK_SKIP_PIXELS,3332
GL_PACK_SKIP_ROWS,3331
GL_PACK_SWAP_BYTES,3328
GL_PARAMETER_BUFFER_ARB,33006
GL_PARAMETER_BUFFER_BINDING_ARB,33007
GL_PASS_THROUGH_TOKEN,1792
GL_PATCHES,14
GL_PATCH_DEFAULT_INNER_LEVEL,36467
GL_PATCH_DEFAULT_OUTER_LEVEL,36468
GL_PATCH_VERTICES,36466
GL_PERSPECTIVE_CORRECTION_HINT,3152
GL_PHONG_HINT_WIN,33003
GL_PHONG_WIN,33002
GL_PIXEL_BUFFER_BARRIER_BIT,128
GL_PIXEL_MAP_A_TO_A,3193
GL_PIXEL_MAP_A_TO_A_SIZE,3257
GL_PIXEL_MAP_B_TO_B,3192
GL_PIXEL_MAP_B_TO_B_SIZE,3256
GL_PIXEL_MAP_G_TO_G,3191
GL_PIXEL_MAP_G_TO_G_SIZE,3255
GL_PIXEL_MAP_I_TO_A,3189
GL_PIXEL_MAP_I_TO_A_SIZE,3253
GL_PIXEL_MAP_I_TO_B,3188
GL_PIXEL_MAP_I_TO_B_SIZE,3252
GL_PIXEL_MAP_I_TO_G,3187
GL_PIXEL_MAP_I_TO_G_SIZE,3251
GL_PIXEL_MAP_I_TO_I,3184
GL_PIXEL_MAP_I_TO_I_SIZE,3248
GL_PIXEL_MAP_I_TO_R,3186
GL_PIXEL_MAP_I_TO_R_SIZE,3250
GL_PIXEL_MAP_R_TO_R,3190
GL_PIXEL_MAP_R_TO_R_SIZE,3254
GL_PIXEL_MAP_S_TO_S,3185
GL_PIXEL_MAP_S_TO_S_SIZE,3249
GL_PIXEL_MODE_BIT,32
GL_PIXEL_PACK_BUFFER,35051
GL_PIXEL_PACK_BUFFER_BINDING,35053
GL_PIXEL_UNPACK_BUFFER,35052
GL_PIXEL_UNPACK_BUFFER_BINDING,35055
GL_POINT,6912
GL_POINTS,0
GL_POINT_BIT,2
GL_POINT_FADE_THRESHOLD_SIZE,33064
GL_POINT_SIZE,2833
GL_POINT_SIZE_GRANULARITY,2835
GL_POINT_SIZE_RANGE,2834
GL_POINT_SMOOTH,2832
GL_POINT_SMOOTH_HINT,3153
GL_POINT_SPRITE_COORD_ORIGIN,36000
GL_POINT_TOKEN,1793
GL_POLYGON,9
GL_POLYGON_BIT,8
GL_POLYGON_MODE,2880
GL_POLYGON_OFFSET_FACTOR,32824
GL_POLYGON_OFFSET_FILL,32823
GL_POLYGON_OFFSET_LINE,10754
GL_POLYGON_OFFSET_POINT,10753
GL_POLYGON_OFFSET_UNITS,10752
GL_POLYGON_SMOOTH,2881
GL_POLYGON_SMOOTH_HINT,3155
GL_POLYGON_STIPPLE,2882
GL_POLYGON_STIPPLE_BIT,16
GL_POLYGON_TOKEN,1795
GL_POSITION,4611
GL_PRIMITIVES_GENERATED,35975
GL_PRIMITIVES_SUBMITTED_ARB,33519
GL_PRIMITIVE_RESTART,36765
GL_PRIMITIVE_RESTART_FIXED_INDEX,36201
GL_PRIMITIVE_RESTART_FOR_PATCHES_SUPPORTED,33313
GL_PRIMITIVE_RESTART_INDEX,36766
GL_PROGRAM,33506
GL_PROGRAM_BINARY_FORMATS,34815
GL_PROGRAM_BINARY_LENGTH,34625
GL_PROGRAM_BINARY_RETRIEVABLE_HINT,33367
GL_PROGRAM_INPUT,37603
GL_PROGRAM_OUTPUT,37604
GL_PROGRAM_PIPELINE,33508
GL_PROGRAM_PIPELINE_BINDING,33370
GL_PROGRAM_POINT_SIZE,34370
GL_PROGRAM_SEPARABLE,33368
GL_PROJECTION,5889
GL_PROJECTION_MATRIX,2983
GL_PROJECTION_STACK_DEPTH,2980
GL_PROVOKING_VERTEX,36431
GL_PROXY_TEXTURE_1D,32867
GL_PROXY_TEXTURE_1D_ARRAY,35865
GL_PROXY_TEXTURE_2D,32868
GL_PROXY_TEXTURE_2D_ARRAY,35867
GL_PROXY_TEXTURE_2D_MULTISAMPLE,37121
GL_PROXY_TEXTURE_2D_MULTISAMPLE_ARRAY,37123
GL_PROXY_TEXTURE_3D,32880
GL_PROXY_TEXTURE_CUBE_MAP,34075
GL_PROXY_TEXTURE_CUBE_MAP_ARRAY,36875
GL_PROXY_TEXTURE_CUBE_MAP_ARRAY_ARB,36875
GL_PROXY_TEXTURE_RECTANGLE,34039
GL_Q,8195
GL_QUADRATIC_ATTENUATION,4617
GL_QUADS,7
GL_QUADS_FOLLOW_PROVOKING_VERTEX_CONVENTION,36428
GL_QUAD_STRIP,8
GL_QUERY,33507
GL_QUERY_BUFFER,37266
GL_QUERY_BUFFER_BARRIER_BIT,32768
GL_QUERY_BUFFER_BINDING,37267
GL_QUERY_BY_REGION_NO_WAIT,36374
GL_QUERY_BY_REGION_NO_WAIT_INVERTED,36378
GL_QUERY_BY_REGION_WAIT,36373
GL_QUERY_BY_REGION_WAIT_INVERTED,36377
GL_QUERY_COUNTER_BITS,34916
GL_QUERY_NO_WAIT,36372
GL_QUERY_NO_WAIT_INVERTED,36376
GL_QUERY_RESULT,34918
GL_QUERY_RESULT_AVAILABLE,34919
GL_QUERY_RESULT_NO_WAIT,37268
GL_QUERY_TARGET,33514
GL_QUERY_WAIT,36371
GL_QUERY_WAIT_INVERTED,36375
GL_R,8194
GL_R11F_G11F_B10F,35898
GL_R16,33322
GL_R16F,33325
GL_R16I,33331
GL_R16UI,33332
GL_R16_SNORM,36760
GL_R32F,33326
GL_R32I,33333
GL_R32UI,33334
GL_R3_G3_B2,10768
GL_R8,33321
GL_R8I,33329
GL_R8UI,33330
GL_R8_SNORM,36756
GL_RASTERIZER_DISCARD,35977
GL_READ_BUFFER,3074
GL_READ_FRAMEBUFFER,36008
GL_READ_FRAMEBUFFER_BINDING,36010
GL_READ_ONLY,35000
GL_READ_PIXELS,33420
GL_READ_PIXELS_FORMAT,33421
GL_READ_PIXELS_TYPE,33422
GL_READ_WRITE,35002
GL_RED,6403
GL_RED_BIAS,3349
GL_RED_BITS,3410
GL_RED_INTEGER,36244
GL_RED_SCALE,3348
GL_REFERENCED_BY_COMPUTE_SHADER,37643
GL_REFERENCED_BY_FRAGMENT_SHADER,37642
GL_REFERENCED_BY_GEOMETRY_SHADER,37641
GL_REFERENCED_BY_TESS_CONTROL_SHADER,37639
GL_REFERENCED_BY_TESS_EVALUATION_SHADER,37640
GL_REFERENCED_BY_VERTEX_SHADER,37638
GL_RENDER,7168
GL_RENDERBUFFER,36161
GL_RENDERBUFFER_ALPHA_SIZE,36179
GL_RENDERBUFFER_BINDING,36007
GL_RENDERBUFFER_BLUE_SIZE,36178
GL_RENDERBUFFER_DEPTH_SIZE,36180
GL_RENDERBUFFER_GREEN_SIZE,36177
GL_RENDERBUFFER_HEIGHT,36163
GL_RENDERBUFFER_INTERNAL_FORMAT,36164
GL_RENDERBUFFER_RED_SIZE,36176
GL_RENDERBUFFER_SAMPLES,36011
GL_RENDERBUFFER_STENCIL_SIZE,36181
GL_RENDERBUFFER_WIDTH,36162
GL_RENDERER,7937
GL_RENDER_MODE,3136
GL_REPEAT,10497
GL_REPLACE,7681
GL_RESET_NOTIFICATION_STRATEGY,33366
GL_RESET_NOTIFICATION_STRATEGY_ARB,33366
GL_RETURN,258
GL_RG,33319
GL_RG16,33324
GL_RG16F,33327
GL_RG16I,33337
GL_RG16UI,33338
GL_RG16_SNORM,36761
GL_RG32F,33328
GL_RG32I,33339
GL_RG32UI,33340
GL_RG8,33323
GL_RG8I,33335
GL_RG8UI,33336
GL_RG8_SNORM,36757
GL_RGB,6407
GL_RGB10,32850
GL_RGB10_A2,32857
GL_RGB10_A2UI,36975
GL_RGB12,32851
GL_RGB16,32852
GL_RGB16F,34843
GL_RGB16I,36233
GL_RGB16UI,36215
GL_RGB16_SNORM,36762
GL_RGB32F,34837
GL_RGB32I,36227
GL_RGB32UI,36209
GL_RGB4,32847
GL_RGB5,32848
GL_RGB565,36194
GL_RGB5_A1,32855
GL_RGB8,32849
GL_RGB8I,36239
GL_RGB8UI,36221
GL_RGB8_SNORM,36758
GL_RGB9_E5,35901
GL_RGBA,6408
GL_RGBA12,32858
GL_RGBA16,32859
GL_RGBA16F,34842
GL_RGBA16I,36232
GL_RGBA16UI,36214
GL_RGBA16_SNORM,36763
GL_RGBA2,32853
GL_RGBA32F,34836
GL_RGBA32I,36226
GL_RGBA32UI,36208
GL_RGBA4,32854
GL_RGBA8,32856
GL_RGBA8I,36238
GL_RGBA8UI,36220
GL_RGBA8_SNORM,36759
GL_RGBA_INTEGER,36249
GL_RGBA_MODE,3121
GL_RGB_INTEGER,36248
GL_RG_INTEGER,33320
GL_RIGHT,1031
GL_S,8192
GL_SAMPLER,33510
GL_SAMPLER_1D,35677
GL_SAMPLER_1D_ARRAY,36288
GL_SAMPLER_1D_ARRAY_SHADOW,36291
GL_SAMPLER_1D_SHADOW,35681
GL_SAMPLER_2D,35678
GL_SAMPLER_2D_ARRAY,36289
GL_SAMPLER_2D_ARRAY_SHADOW,36292
GL_SAMPLER_2D_MULTISAMPLE,37128
GL_SAMPLER_2D_MULTISAMPLE_ARRAY,37131
GL_SAMPLER_2D_RECT,35683
GL_SAMPLER_2D_RECT_SHADOW,35684
GL_SAMPLER_2D_SHADOW,35682
GL_SAMPLER_3D,35679
GL_SAMPLER_BINDING,35097
GL_SAMPLER_BUFFER,36290
GL_SAMPLER_CUBE,35680
GL_SAMPLER_CUBE_MAP_ARRAY,36876
GL_SAMPLER_CUBE_MAP_ARRAY_ARB,36876
GL_SAMPLER_CUBE_MAP_ARRAY_SHADOW,36877
GL_SAMPLER_CUBE_MAP_ARRAY_SHADOW_ARB,36877
GL_SAMPLER_CUBE_SHADOW,36293
GL_SAMPLES,32937
GL_SAMPLES_PASSED,35092
GL_SAMPLE_ALPHA_TO_COVERAGE,32926
GL_SAMPLE_ALPHA_TO_ONE,32927
GL_SAMPLE_BUFFERS,32936
GL_SAMPLE_COVERAGE,32928
GL_SAMPLE_COVERAGE_INVERT,32939
GL_SAMPLE_COVERAGE_VALUE,32938
GL_SAMPLE_MASK,36433
GL_SAMPLE_MASK_VALUE,36434
GL_SAMPLE_POSITION,36432
GL_SAMPLE_SHADING,35894
GL_SAMPLE_SHADING_ARB,35894
GL_SCISSOR_BIT,524288
GL_SCISSOR_BOX,3088
GL_SCISSOR_TEST,3089
GL_SELECT,7170
GL_SELECTION_BUFFER_POINTER,3571
GL_SELECTION_BUFFER_SIZE,3572
GL_SEPARATE_ATTRIBS,35981
GL_SET,5391
GL_SHADER,33505
GL_SHADER_BINARY_FORMATS,36344
GL_SHADER_COMPILER,36346
GL_SHADER_IMAGE_ACCESS_BARRIER_BIT,32
GL_SHADER_IMAGE_ATOMIC,33446
GL_SHADER_IMAGE_LOAD,33444
GL_SHADER_IMAGE_STORE,33445
GL_SHADER_INCLUDE_ARB,36270
GL_SHADER_SOURCE_LENGTH,35720
GL_SHADER_STORAGE_BARRIER_BIT,8192
GL_SHADER_STORAGE_BLOCK,37606
GL_SHADER_STORAGE_BUFFER,37074
GL_SHADER_STORAGE_BUFFER_BINDING,37075
GL_SHADER_STORAGE_BUFFER_OFFSET_ALIGNMENT,37087
GL_SHADER_STORAGE_BUFFER_SIZE,37077
GL_SHADER_STORAGE_BUFFER_START,37076
GL_SHADER_TYPE,35663
GL_SHADE_MODEL,2900
GL_SHADING_LANGUAGE_VERSION,35724
GL_SHININESS,5633
GL_SHORT,5122
GL_SIGNALED,37145
GL_SIGNED_NORMALIZED,36764
GL_SIMULTANEOUS_TEXTURE_AND_DEPTH_TEST,33452
GL_SIMULTANEOUS_TEXTURE_AND_DEPTH_WRITE,33454
GL_SIMULTANEOUS_TEXTURE_AND_STENCIL_TEST,33453
GL_SIMULTANEOUS_TEXTURE_AND_STENCIL_WRITE,33455
GL_SMOOTH,7425
GL_SMOOTH_LINE_WIDTH_GRANULARITY,2851
GL_SMOOTH_LINE_WIDTH_RANGE,2850
GL_SMOOTH_POINT_SIZE_GRANULARITY,2835
GL_SMOOTH_POINT_SIZE_RANGE,2834
GL_SPARSE_BUFFER_PAGE_SIZE_ARB,33528
GL_SPARSE_STORAGE_BIT_ARB,1024
GL_SPARSE_TEXTURE_FULL_ARRAY_CUBE_MIPMAPS_ARB,37289
GL_SPECULAR,4610
GL_SPHERE_MAP,9218
GL_SPOT_CUTOFF,4614
GL_SPOT_DIRECTION,4612
GL_SPOT_EXPONENT,4613
GL_SRC1_ALPHA,34185
GL_SRC1_COLOR,35065
GL_SRC_ALPHA,770
GL_SRC_ALPHA_SATURATE,776
GL_SRC_COLOR,768
GL_SRGB,35904
GL_SRGB8,35905
GL_SRGB8_ALPHA8,35907
GL_SRGB_ALPHA,35906
GL_SRGB_DECODE_ARB,33433
GL_SRGB_READ,33431
GL_SRGB_WRITE,33432
GL_STACK_OVERFLOW,1283
GL_STACK_UNDERFLOW,1284
GL_STATIC_COPY,35046
GL_STATIC_DRAW,35044
GL_STATIC_READ,35045
GL_STENCIL,6146
GL_STENCIL_ATTACHMENT,36128
GL_STENCIL_BACK_FAIL,34817
GL_STENCIL_BACK_FUNC,34816
GL_STENCIL_BACK_PASS_DEPTH_FAIL,34818
GL_STENCIL_BACK_PASS_DEPTH_PASS,34819
GL_STENCIL_BACK_REF,36003
GL_STENCIL_BACK_VALUE_MASK,36004
GL_STENCIL_BACK_WRITEMASK,36005
GL_STENCIL_BITS,3415
GL_STENCIL_BUFFER_BIT,1024
GL_STENCIL_CLEAR_VALUE,2961
GL_STENCIL_COMPONENTS,33413
GL_STENCIL_FAIL,2964
GL_STENCIL_FUNC,2962
GL_STENCIL_INDEX,6401
GL_STENCIL_INDEX1,36166
GL_STENCIL_INDEX16,36169
GL_STENCIL_INDEX4,36167
GL_STENCIL_INDEX8,36168
GL_STENCIL_PASS_DEPTH_FAIL,2965
GL_STENCIL_PASS_DEPTH_PASS,2966
GL_STENCIL_REF,2967
GL_STENCIL_RENDERABLE,33416
GL_STENCIL_TEST,2960
GL_STENCIL_VALUE_MASK,2963
GL_STENCIL_WRITEMASK,2968
GL_STEREO,3123
GL_STREAM_COPY,35042
GL_STREAM_DRAW,35040
GL_STREAM_READ,35041
GL_SUBPIXEL_BITS,3408
GL_SYNC_CL_EVENT_ARB,33344
GL_SYNC_CL_EVENT_COMPLETE_ARB,33345
GL_SYNC_CONDITION,37139
GL_SYNC_FENCE,37142
GL_SYNC_FLAGS,37141
GL_SYNC_FLUSH_COMMANDS_BIT,1
GL_SYNC_GPU_COMMANDS_COMPLETE,37143
GL_SYNC_STATUS,37140
GL_T,8193
GL_T2F_C3F_V3F,10794
GL_T2F_C4F_N3F_V3F,10796
GL_T2F_C4UB_V3F,10793
GL_T2F_N3F_V3F,10795
GL_T2F_V3F,10791
GL_T4F_C4F_N3F_V4F,10797
GL_T4F_V4F,10792
GL_TESS_CONTROL_OUTPUT_VERTICES,36469
GL_TESS_CONTROL_SHADER,36488
GL_TESS_CONTROL_SHADER_BIT,8
GL_TESS_CONTROL_SHADER_PATCHES_ARB,33521
GL_TESS_CONTROL_SUBROUTINE,37609
GL_TESS_CONTROL_SUBROUTINE_UNIFORM,37615
GL_TESS_CONTROL_TEXTURE,33436
GL_TESS_EVALUATION_SHADER,36487
GL_TESS_EVALUATION_SHADER_BIT,16
GL_TESS_EVALUATION_SHADER_INVOCATIONS_ARB,33522
GL_TESS_EVALUATION_SUBROUTINE,37610
GL_TESS_EVALUATION_SUBROUTINE_UNIFORM,37616
GL_TESS_EVALUATION_TEXTURE,33437
GL_TESS_GEN_MODE,36470
GL_TESS_GEN_POINT_MODE,36473
GL_TESS_GEN_SPACING,36471
GL_TESS_GEN_VERTEX_ORDER,36472
GL_TEXTURE,5890
GL_TEXTURE0,33984
GL_TEXTURE1,33985
GL_TEXTURE10,33994
GL_TEXTURE11,33995
GL_TEXTURE12,33996
GL_TEXTURE13,33997
GL_TEXTURE14,33998
GL_TEXTURE15,33999
GL_TEXTURE16,34000
GL_TEXTURE17,34001
GL_TEXTURE18,34002
GL_TEXTURE19,34003
GL_TEXTURE2,33986
GL_TEXTURE20,34004
GL_TEXTURE21,34005
GL_TEXTURE22,34006
GL_TEXTURE23,34007
GL_TEXTURE24,34008
GL_TEXTURE25,34009
GL_TEXTURE26,34010
GL_TEXTURE27,34011
GL_TEXTURE28,34012
GL_TEXTURE29,34013
GL_TEXTURE3,33987
GL_TEXTURE30,34014
GL_TEXTURE31,34015
GL_TEXTURE4,33988
GL_TEXTURE5,33989
GL_TEXTURE6,33990
GL_TEXTURE7,33991
GL_TEXTURE8,33992
GL_TEXTURE9,33993
GL_TEXTURE_1D,3552
GL_TEXTURE_1D_ARRAY,35864
GL_TEXTURE_2D,3553
GL_TEXTURE_2D_ARRAY,35866
GL_TEXTURE_2D_MULTISAMPLE,37120
GL_TEXTURE_2D_MULTISAMPLE_ARRAY,37122
GL_TEXTURE_3D,32879
GL_TEXTURE_ALPHA_SIZE,32863
GL_TEXTURE_ALPHA_TYPE,35859
GL_TEXTURE_BASE_LEVEL,33084
GL_TEXTURE_BINDING_1D,32872
GL_TEXTURE_BINDING_1D_ARRAY,35868
GL_TEXTURE_BINDING_2D,32873
GL_TEXTURE_BINDING_2D_ARRAY,35869
GL_TEXTURE_BINDING_2D_MULTISAMPLE,37124
GL_TEXTURE_BINDING_2D_MULTISAMPLE_ARRAY,37125
GL_TEXTURE_BINDING_3D,32874
GL_TEXTURE_BINDING_BUFFER,35884
GL_TEXTURE_BINDING_CUBE_MAP,34068
GL_TEXTURE_BINDING_CUBE_MAP_ARRAY,36874
GL_TEXTURE_BINDING_CUBE_MAP_ARRAY_ARB,36874
GL_TEXTURE_BINDING_RECTANGLE,34038
GL_TEXTURE_BIT,262144
GL_TEXTURE_BLUE_SIZE,32862
GL_TEXTURE_BLUE_TYPE,35858
GL_TEXTURE_BORDER,4101
GL_TEXTURE_BORDER_COLOR,4100
GL_TEXTURE_BUFFER,35882
GL_TEXTURE_BUFFER_BINDING,35882
GL_TEXTURE_BUFFER_DATA_STORE_BINDING,35885
GL_TEXTURE_BUFFER_OFFSET,37277
GL_TEXTURE_BUFFER_OFFSET_ALIGNMENT,37279
GL_TEXTURE_BUFFER_SIZE,37278
GL_TEXTURE_COMPARE_FUNC,34893
GL_TEXTURE_COMPARE_MODE,34892
GL_TEXTURE_COMPRESSED,34465
GL_TEXTURE_COMPRESSED_BLOCK_HEIGHT,33458
GL_TEXTURE_COMPRESSED_BLOCK_SIZE,33459
GL_TEXTURE_COMPRESSED_BLOCK_WIDTH,33457
GL_TEXTURE_COMPRESSED_IMAGE_SIZE,34464
GL_TEXTURE_COMPRESSION_HINT,34031
GL_TEXTURE_COORD_ARRAY,32888
GL_TEXTURE_COORD_ARRAY_COUNT_EXT,32907
GL_TEXTURE_COORD_ARRAY_EXT,32888
GL_TEXTURE_COORD_ARRAY_POINTER,32914
GL_TEXTURE_COORD_ARRAY_POINTER_EXT,32914
GL_TEXTURE_COORD_ARRAY_SIZE,32904
GL_TEXTURE_COORD_ARRAY_SIZE_EXT,32904
GL_TEXTURE_COORD_ARRAY_STRIDE,32906
GL_TEXTURE_COORD_ARRAY_STRIDE_EXT,32906
GL_TEXTURE_COORD_ARRAY_TYPE,32905
GL_TEXTURE_COORD_ARRAY_TYPE_EXT,32905
GL_TEXTURE_CUBE_MAP,34067
GL_TEXTURE_CUBE_MAP_ARRAY,36873
GL_TEXTURE_CUBE_MAP_ARRAY_ARB,36873
GL_TEXTURE_CUBE_MAP_NEGATIVE_X,34070
GL_TEXTURE_CUBE_MAP_NEGATIVE_Y,34072
GL_TEXTURE_CUBE_MAP_NEGATIVE_Z,34074
GL_TEXTURE_CUBE_MAP_POSITIVE_X,34069
GL_TEXTURE_CUBE_MAP_POSITIVE_Y,34071
GL_TEXTURE_CUBE_MAP_POSITIVE_Z,34073
GL_TEXTURE_CUBE_MAP_SEAMLESS,34895
GL_TEXTURE_DEPTH,32881
GL_TEXTURE_DEPTH_SIZE,34890
GL_TEXTURE_DEPTH_TYPE,35862
GL_TEXTURE_ENV,8960
GL_TEXTURE_ENV_COLOR,8705
GL_TEXTURE_ENV_MODE,8704
GL_TEXTURE_FETCH_BARRIER_BIT,8
GL_TEXTURE_FIXED_SAMPLE_LOCATIONS,37127
GL_TEXTURE_GATHER,33442
GL_TEXTURE_GATHER_SHADOW,33443
GL_TEXTURE_GEN_MODE,9472
GL_TEXTURE_GEN_Q,3171
GL_TEXTURE_GEN_R,3170
GL_TEXTURE_GEN_S,3168
GL_TEXTURE_GEN_T,3169
GL_TEXTURE_GREEN_SIZE,32861
GL_TEXTURE_GREEN_TYPE,35857
GL_TEXTURE_HEIGHT,4097
GL_TEXTURE_IMAGE_FORMAT,33423
GL_TEXTURE_IMAGE_TYPE,33424
GL_TEXTURE_IMMUTABLE_FORMAT,37167
GL_TEXTURE_IMMUTABLE_LEVELS,33503
GL_TEXTURE_INTENSITY_SIZE,32865
GL_TEXTURE_INTERNAL_FORMAT,4099
GL_TEXTURE_LOD_BIAS,34049
GL_TEXTURE_LUMINANCE_SIZE,32864
GL_TEXTURE_MAG_FILTER,10240
GL_TEXTURE_MATRIX,2984
GL_TEXTURE_MAX_LEVEL,33085
GL_TEXTURE_MAX_LOD,33083
GL_TEXTURE_MIN_FILTER,10241
GL_TEXTURE_MIN_LOD,33082
GL_TEXTURE_PRIORITY,32870
GL_TEXTURE_RECTANGLE,34037
GL_TEXTURE_RED_SIZE,32860
GL_TEXTURE_RED_TYPE,35856
GL_TEXTURE_RESIDENT,32871
GL_TEXTURE_SAMPLES,37126
GL_TEXTURE_SHADOW,33441
GL_TEXTURE_SHARED_SIZE,35903
GL_TEXTURE_SPARSE_ARB,37286
GL_TEXTURE_STACK_DEPTH,2981
GL_TEXTURE_STENCIL_SIZE,35057
GL_TEXTURE_SWIZZLE_A,36421
GL_TEXTURE_SWIZZLE_B,36420
GL_TEXTURE_SWIZZLE_G,36419
GL_TEXTURE_SWIZZLE_R,36418
GL_TEXTURE_SWIZZLE_RGBA,36422
GL_TEXTURE_TARGET,4102
GL_TEXTURE_UPDATE_BARRIER_BIT,256
GL_TEXTURE_VIEW,33461
GL_TEXTURE_VIEW_MIN_LAYER,33501
GL_TEXTURE_VIEW_MIN_LEVEL,33499
GL_TEXTURE_VIEW_NUM_LAYERS,33502
GL_TEXTURE_VIEW_NUM_LEVELS,33500
GL_TEXTURE_WIDTH,4096
GL_TEXTURE_WRAP_R,32882
GL_TEXTURE_WRAP_S,10242
GL_TEXTURE_WRAP_T,10243
GL_TIMEOUT_EXPIRED,37147
GL_TIMESTAMP,36392
GL_TIME_ELAPSED,35007
GL_TOP_LEVEL_ARRAY_SIZE,37644
GL_TOP_LEVEL_ARRAY_STRIDE,37645
GL_TRANSFORM_BIT,4096
GL_TRANSFORM_FEEDBACK,36386
GL_TRANSFORM_FEEDBACK_ACTIVE,36388
GL_TRANSFORM_FEEDBACK_BARRIER_BIT,2048
GL_TRANSFORM_FEEDBACK_BINDING,36389
GL_TRANSFORM_FEEDBACK_BUFFER,35982
GL_TRANSFORM_FEEDBACK_BUFFER_ACTIVE,36388
GL_TRANSFORM_FEEDBACK_BUFFER_BINDING,35983
GL_TRANSFORM_FEEDBACK_BUFFER_INDEX,37707
GL_TRANSFORM_FEEDBACK_BUFFER_MODE,35967
GL_TRANSFORM_FEEDBACK_BUFFER_PAUSED,36387
GL_TRANSFORM_FEEDBACK_BUFFER_SIZE,35973
GL_TRANSFORM_FEEDBACK_BUFFER_START,35972
GL_TRANSFORM_FEEDBACK_BUFFER_STRIDE,37708
GL_TRANSFORM_FEEDBACK_OVERFLOW_ARB,33516
GL_TRANSFORM_FEEDBACK_PAUSED,36387
GL_TRANSFORM_FEEDBACK_PRIMITIVES_WRITTEN,35976
GL_TRANSFORM_FEEDBACK_STREAM_OVERFLOW_ARB,33517
GL_TRANSFORM_FEEDBACK_VARYING,37620
GL_TRANSFORM_FEEDBACK_VARYINGS,35971
GL_TRANSFORM_FEEDBACK_VARYING_MAX_LENGTH,35958
GL_TRIANGLES,4
GL_TRIANGLES_ADJACENCY,12
GL_TRIANGLE_FAN,6
GL_TRIANGLE_STRIP,5
GL_TRIANGLE_STRIP_ADJACENCY,13
GL_TRUE,1
GL_TYPE,37626
GL_UNDEFINED_VERTEX,33376
GL_UNIFORM,37601
GL_UNIFORM_ARRAY_STRIDE,35388
GL_UNIFORM_ATOMIC_COUNTER_BUFFER_INDEX,37594
GL_UNIFORM_BARRIER_BIT,4
GL_UNIFORM_BLOCK,37602
GL_UNIFORM_BLOCK_ACTIVE_UNIFORMS,35394
GL_UNIFORM_BLOCK_ACTIVE_UNIFORM_INDICES,35395
GL_UNIFORM_BLOCK_BINDING,35391
GL_UNIFORM_BLOCK_DATA_SIZE,35392
GL_UNIFORM_BLOCK_INDEX,35386
GL_UNIFORM_BLOCK_NAME_LENGTH,35393
GL_UNIFORM_BLOCK_REFERENCED_BY_COMPUTE_SHADER,37100
GL_UNIFORM_BLOCK_REFERENCED_BY_FRAGMENT_SHADER,35398
GL_UNIFORM_BLOCK_REFERENCED_BY_GEOMETRY_SHADER,35397
GL_UNIFORM_BLOCK_REFERENCED_BY_TESS_CONTROL_SHADER,34032
GL_UNIFORM_BLOCK_REFERENCED_BY_TESS_EVALUATION_SHADER,34033
GL_UNIFORM_BLOCK_REFERENCED_BY_VERTEX_SHADER,35396
GL_UNIFORM_BUFFER,35345
GL_UNIFORM_BUFFER_BINDING,35368
GL_UNIFORM_BUFFER_OFFSET_ALIGNMENT,35380
GL_UNIFORM_BUFFER_SIZE,35370
GL_UNIFORM_BUFFER_START,35369
GL_UNIFORM_IS_ROW_MAJOR,35390
GL_UNIFORM_MATRIX_STRIDE,35389
GL_UNIFORM_NAME_LENGTH,35385
GL_UNIFORM_OFFSET,35387
GL_UNIFORM_SIZE,35384
GL_UNIFORM_TYPE,35383
GL_UNKNOWN_CONTEXT_RESET,33365
GL_UNKNOWN_CONTEXT_RESET_ARB,33365
GL_UNPACK_ALIGNMENT,3317
GL_UNPACK_COMPRESSED_BLOCK_DEPTH,37161
GL_UNPACK_COMPRESSED_BLOCK_HEIGHT,37160
GL_UNPACK_COMPRESSED_BLOCK_SIZE,37162
GL_UNPACK_COMPRESSED_BLOCK_WIDTH,37159
GL_UNPACK_IMAGE_HEIGHT,32878
GL_UNPACK_LSB_FIRST,3313
GL_UNPACK_ROW_LENGTH,3314
GL_UNPACK_SKIP_IMAGES,32877
GL_UNPACK_SKIP_PIXELS,3316
GL_UNPACK_SKIP_ROWS,3315
GL_UNPACK_SWAP_BYTES,3312
GL_UNSIGNALED,37144
GL_UNSIGNED_BYTE,5121
GL_UNSIGNED_BYTE_2_3_3_REV,33634
GL_UNSIGNED_BYTE_3_3_2,32818
GL_UNSIGNED_INT,5125
GL_UNSIGNED_INT64_ARB,5135
GL_UNSIGNED_INT_10F_11F_11F_REV,35899
GL_UNSIGNED_INT_10_10_10_2,32822
GL_UNSIGNED_INT_24_8,34042
GL_UNSIGNED_INT_2_10_10_10_REV,33640
GL_UNSIGNED_INT_5_9_9_9_REV,35902
GL_UNSIGNED_INT_8_8_8_8,32821
GL_UNSIGNED_INT_8_8_8_8_REV,33639
GL_UNSIGNED_INT_ATOMIC_COUNTER,37595
GL_UNSIGNED_INT_IMAGE_1D,36962
GL_UNSIGNED_INT_IMAGE_1D_ARRAY,36968
GL_UNSIGNED_INT_IMAGE_2D,36963
GL_UNSIGNED_INT_IMAGE_2D_ARRAY,36969
GL_UNSIGNED_INT_IMAGE_2D_MULTISAMPLE,36971
GL_UNSIGNED_INT_IMAGE_2D_MULTISAMPLE_ARRAY,36972
GL_UNSIGNED_INT_IMAGE_2D_RECT,36965
GL_UNSIGNED_INT_IMAGE_3D,36964
GL_UNSIGNED_INT_IMAGE_BUFFER,36967
GL_UNSIGNED_INT_IMAGE_CUBE,36966
GL_UNSIGNED_INT_IMAGE_CUBE_MAP_ARRAY,36970
GL_UNSIGNED_INT_SAMPLER_1D,36305
GL_UNSIGNED_INT_SAMPLER_1D_ARRAY,36310
GL_UNSIGNED_INT_SAMPLER_2D,36306
GL_UNSIGNED_INT_SAMPLER_2D_ARRAY,36311
GL_UNSIGNED_INT_SAMPLER_2D_MULTISAMPLE,37130
GL_UNSIGNED_INT_SAMPLER_2D_MULTISAMPLE_ARRAY,37133
GL_UNSIGNED_INT_SAMPLER_2D_RECT,36309
GL_UNSIGNED_INT_SAMPLER_3D,36307
GL_UNSIGNED_INT_SAMPLER_BUFFER,36312
GL_UNSIGNED_INT_SAMPLER_CUBE,36308
GL_UNSIGNED_INT_SAMPLER_CUBE_MAP_ARRAY,36879
GL_UNSIGNED_INT_SAMPLER_CUBE_MAP_ARRAY_ARB,36879
GL_UNSIGNED_INT_VEC2,36294
GL_UNSIGNED_INT_VEC3,36295
GL_UNSIGNED_INT_VEC4,36296
GL_UNSIGNED_NORMALIZED,35863
GL_UNSIGNED_SHORT,5123
GL_UNSIGNED_SHORT_1_5_5_5_REV,33638
GL_UNSIGNED_SHORT_4_4_4_4,32819
GL_UNSIGNED_SHORT_4_4_4_4_REV,33637
GL_UNSIGNED_SHORT_5_5_5_1,32820
GL_UNSIGNED_SHORT_5_6_5,33635
GL_UNSIGNED_SHORT_5_6_5_REV,33636
GL_UPPER_LEFT,36002
GL_V2F,10784
GL_V3F,10785
GL_VALIDATE_STATUS,35715
GL_VENDOR,7936
GL_VERSION,7938
GL_VERSION_1_0,1
GL_VERSION_1_1,1
GL_VERSION_1_2,1
GL_VERSION_1_3,1
GL_VERSION_1_4,1
GL_VERSION_1_5,1
GL_VERSION_2_0,1
GL_VERSION_2_1,1
GL_VERSION_3_0,1
GL_VERSION_3_1,1
GL_VERSION_3_2,1
GL_VERSION_3_3,1
GL_VERSION_4_0,1
GL_VERSION_4_1,1
GL_VERSION_4_2,1
GL_VERSION_4_3,1
GL_VERSION_4_4,1
GL_VERSION_4_5,1
GL_VERTEX_ARRAY,32884
GL_VERTEX_ARRAY_BINDING,34229
GL_VERTEX_ARRAY_COUNT_EXT,32893
GL_VERTEX_ARRAY_EXT,32884
GL_VERTEX_ARRAY_POINTER,32910
GL_VERTEX_ARRAY_POINTER_EXT,32910
GL_VERTEX_ARRAY_SIZE,32890
GL_VERTEX_ARRAY_SIZE_EXT,32890
GL_VERTEX_ARRAY_STRIDE,32892
GL_VERTEX_ARRAY_STRIDE_EXT,32892
GL_VERTEX_ARRAY_TYPE,32891
GL_VERTEX_ARRAY_TYPE_EXT,32891
GL_VERTEX_ATTRIB_ARRAY_BARRIER_BIT,1
GL_VERTEX_ATTRIB_ARRAY_BUFFER_BINDING,34975
GL_VERTEX_ATTRIB_ARRAY_DIVISOR,35070
GL_VERTEX_ATTRIB_ARRAY_ENABLED,34338
GL_VERTEX_ATTRIB_ARRAY_INTEGER,35069
GL_VERTEX_ATTRIB_ARRAY_LONG,34638
GL_VERTEX_ATTRIB_ARRAY_NORMALIZED,34922
GL_VERTEX_ATTRIB_ARRAY_POINTER,34373
GL_VERTEX_ATTRIB_ARRAY_SIZE,34339
GL_VERTEX_ATTRIB_ARRAY_STRIDE,34340
GL_VERTEX_ATTRIB_ARRAY_TYPE,34341
GL_VERTEX_ATTRIB_BINDING,33492
GL_VERTEX_ATTRIB_RELATIVE_OFFSET,33493
GL_VERTEX_BINDING_BUFFER,36687
GL_VERTEX_BINDING_DIVISOR,33494
GL_VERTEX_BINDING_OFFSET,33495
GL_VERTEX_BINDING_STRIDE,33496
GL_VERTEX_PROGRAM_POINT_SIZE,34370
GL_VERTEX_SHADER,35633
GL_VERTEX_SHADER_BIT,1
GL_VERTEX_SHADER_INVOCATIONS_ARB,33520
GL_VERTEX_SUBROUTINE,37608
GL_VERTEX_SUBROUTINE_UNIFORM,37614
GL_VERTEX_TEXTURE,33435
GL_VERTICES_SUBMITTED_ARB,33518
GL_VIEWPORT,2978
GL_VIEWPORT_BIT,2048
GL_VIEWPORT_BOUNDS_RANGE,33373
GL_VIEWPORT_INDEX_PROVOKING_VERTEX,33375
GL_VIEWPORT_SUBPIXEL_BITS,33372
GL_VIEW_CLASS_128_BITS,33476
GL_VIEW_CLASS_16_BITS,33482
GL_VIEW_CLASS_24_BITS,33481
GL_VIEW_CLASS_32_BITS,33480
GL_VIEW_CLASS_48_BITS,33479
GL_VIEW_CLASS_64_BITS,33478
GL_VIEW_CLASS_8_BITS,33483
GL_VIEW_CLASS_96_BITS,33477
GL_VIEW_CLASS_BPTC_FLOAT,33491
GL_VIEW_CLASS_BPTC_UNORM,33490
GL_VIEW_CLASS_RGTC1_RED,33488
GL_VIEW_CLASS_RGTC2_RG,33489
GL_VIEW_CLASS_S3TC_DXT1_RGB,33484
GL_VIEW_CLASS_S3TC_DXT1_RGBA,33485
GL_VIEW_CLASS_S3TC_DXT3_RGBA,33486
GL_VIEW_CLASS_S3TC_DXT5_RGBA,33487
GL_VIEW_COMPATIBILITY_CLASS,33462
GL_VIRTUAL_PAGE_SIZE_INDEX_ARB,37287
GL_VIRTUAL_PAGE_SIZE_X_ARB,37269
GL_VIRTUAL_PAGE_SIZE_Y_ARB,37270
GL_VIRTUAL_PAGE_SIZE_Z_ARB,37271
GL_WAIT_FAILED,37149
GL_WRITE_ONLY,35001
GL_XOR,5382
GL_ZERO,0
GL_ZERO_TO_ONE,37727
GL_ZOOM_X,3350
GL_ZOOM_Y,3351